日付け,終値
2013.7.22,25460
2013.7.23,26140
2013.7.24,26300
2013.7.25,26300
2013.7.26,26060
2013.7.29,25660
2013.7.30,25800
2013.7.31,25600
2013.8.1,25600
2013.8.2,25720
2013.8.5,25480
2013.8.6,25080
2013.8.7,24440
2013.8.8,24340
2013.8.9,24600
2013.8.12,24640
2013.8.13,25800
2013.8.14,26000
2013.8.16,25900
2013.8.19,25720
2013.8.20,25380
2013.8.21,25120
2013.8.22,25100
2013.8.23,25900
2013.8.26,26000
2013.8.27,26080
2013.8.28,26180
2013.8.29,26880
2013.8.30,27360
2013.9.2,27020
2013.9.3,26740
2013.9.4,26800
2013.9.5,27300
2013.9.6,27380
2013.9.9,27460
2013.9.10,27920
2013.9.11,28040
2013.9.12,28200
2013.9.13,28120
2013.9.16,28500
2013.9.17,27720
2013.9.23,27200
2013.9.24,27460
2013.9.25,27280
2013.9.26,27440
2013.9.27,27320
2013.9.30,27340
2013.10.1,27640
2013.10.2,28360
2013.10.4,28360
2013.10.7,28720
2013.10.8,28600
2013.10.10,28600
2013.10.11,28860
2013.10.14,28760
2013.10.15,29140
2013.10.16,29000
2013.10.17,29260
2013.10.18,29440
2013.10.21,29280
2013.10.22,29100
2013.10.23,28840
2013.10.24,28980
2013.10.25,28980
2013.10.28,29640
2013.10.29,29800
2013.10.30,30000
2013.10.31,29300
2013.11.1,30000
2013.11.4,29980
2013.11.5,29700
2013.11.6,29020
2013.11.7,28740
2013.11.8,28200
2013.11.11,28560
2013.11.12,29120
2013.11.13,28380
2013.11.14,28480
2013.11.15,29240
2013.11.18,29480
2013.11.19,29780
2013.11.20,29400
2013.11.21,28800
2013.11.22,29000
2013.11.25,29300
2013.11.26,29580
2013.11.27,29400
2013.11.28,29880
2013.11.29,29880
2013.12.2,29340
2013.12.3,29220
2013.12.4,28640
2013.12.5,28800
2013.12.6,28560
2013.12.9,29080
2013.12.10,28800
2013.12.11,28400
2013.12.12,28200
2013.12.13,27800
2013.12.16,28000
2013.12.17,27900
2013.12.18,28020
2013.12.19,28540
2013.12.20,28540
2013.12.23,28660
2013.12.24,28300
2013.12.26,28160
2013.12.27,27920
2013.12.30,27440
2014.1.2,26180
2014.1.3,25920
2014.1.6,26140
2014.1.7,26080
2014.1.8,25820
2014.1.9,25500
2014.1.10,25440
2014.1.13,25900
2014.1.14,26260
2014.1.15,25980
2014.1.16,26020
2014.1.17,25840
2014.1.20,26320
2014.1.21,26480
2014.1.22,26560
2014.1.23,25980
2014.1.24,26140
2014.1.27,25840
2014.1.28,25660
2014.1.29,25600
2014.2.3,25440
2014.2.4,24980
2014.2.5,24740
2014.2.6,25180
2014.2.7,25500
2014.2.10,25540
2014.2.11,26220
2014.2.12,26140
2014.2.13,25960
2014.2.14,26020
2014.2.17,25700
2014.2.18,25900
2014.2.19,25800
2014.2.20,25720
2014.2.21,26600
2014.2.24,26560
2014.2.25,26680
2014.2.26,26840
2014.2.27,26820
2014.2.28,26980
2014.3.3,26500
2014.3.4,26300
2014.3.5,26600
2014.3.6,26520
2014.3.7,26780
2014.3.10,26400
2014.3.11,26440
2014.3.12,25880
2014.3.13,25800
2014.3.14,25500
2014.3.17,25320
2014.3.18,25560
2014.3.19,25380
2014.3.20,25240
2014.3.21,25460
2014.3.24,25460
2014.3.25,24940
2014.3.26,25700
2014.3.27,26660
2014.3.28,26700
2014.3.31,26860
2014.4.1,26780
2014.4.2,27140
2014.4.3,27800
2014.4.4,27600
2014.4.7,27940
2014.4.8,27880
2014.4.9,27420
2014.4.10,27600
2014.4.11,27300
2014.4.14,27400
2014.4.15,27400
2014.4.16,27600
2014.4.17,27400
2014.4.18,27560
2014.4.21,27600
2014.4.22,27500
2014.4.23,27780
2014.4.24,28140
2014.4.25,27980
2014.4.28,27760
2014.4.29,27200
2014.4.30,26860
2014.5.2,26920
2014.5.7,26880
2014.5.8,27000
2014.5.9,26700
2014.5.12,27760
2014.5.13,28000
2014.5.14,28300
2014.5.15,28200
2014.5.16,28560
2014.5.19,28960
2014.5.20,29020
2014.5.21,28820
2014.5.22,28520
2014.5.23,28560
2014.5.26,28440
2014.5.27,28140
2014.5.28,28660
2014.5.29,29200
2014.5.30,28860
2014.6.2,29100
2014.6.3,29400
2014.6.5,29140
2014.6.9,28180
2014.6.10,28720
2014.6.11,28440
2014.6.12,28260
2014.6.13,27340
2014.6.16,27480
2014.6.17,27480
2014.6.18,27160
2014.6.19,26460
2014.6.20,26020
2014.6.23,26440
2014.6.24,26900
2014.6.25,26400
2014.6.26,26500
2014.6.27,26220
2014.6.30,26440
2014.7.1,26200
2014.7.2,26600
2014.7.3,26360
2014.7.4,26120
2014.7.7,25840
2014.7.8,25900
2014.7.9,26160
2014.7.10,26120
2014.7.11,25680
2014.7.14,25720
2014.7.15,26400
2014.7.16,26420
2014.7.17,26600
2014.7.18,26860
2014.7.21,27060
2014.7.22,26960
2014.7.23,26760
2014.7.24,27100
2014.7.25,27100
2014.7.28,27160
2014.7.29,27720
2014.7.30,27900
2014.7.31,26860
2014.8.1,25840
2014.8.4,26340
2014.8.5,26320
2014.8.6,26000
2014.8.7,25800
2014.8.8,25000
2014.8.11,25400
2014.8.12,25320
2014.8.13,25280
2014.8.14,25220
2014.8.18,25000
2014.8.19,25080
2014.8.20,25220
2014.8.21,24700
2014.8.22,24940
2014.8.25,24560
2014.8.26,24440
2014.8.27,24600
2014.8.28,24840
2014.8.29,24680
2014.9.1,24520
2014.9.2,23880
2014.9.3,23780
2014.9.4,24200
2014.9.5,24020
2014.9.11,23840
2014.9.12,24020
2014.9.15,24000
2014.9.16,24120
2014.9.17,24520
2014.9.18,24200
2014.9.19,24200
2014.9.22,23760
2014.9.23,23220
2014.9.24,23000
2014.9.25,23120
2014.9.26,23700
2014.9.29,23900
2014.9.30,23680
2014.10.1,23120
2014.10.2,22820
2014.10.6,23020
2014.10.7,23240
2014.10.8,22600
2014.10.10,22100
2014.10.13,22160
2014.10.14,22540
2014.10.15,22500
2014.10.16,22300
2014.10.17,21780
2014.10.20,22120
2014.10.21,21660
2014.10.22,22080
2014.10.23,21880
2014.10.24,22240
2014.10.27,21900
2014.10.28,21820
2014.10.29,22600
2014.10.30,23620
2014.10.31,24880
2014.11.3,24700
2014.11.4,24340
2014.11.5,24040
2014.11.6,24080
2014.11.7,24120
2014.11.10,25360
2014.11.11,24620
2014.11.12,24600
2014.11.13,24000
2014.11.14,23880
2014.11.17,24100
2014.11.18,24400
2014.11.19,24360
2014.11.20,24200
2014.11.21,24460
2014.11.24,24400
2014.11.25,23800
2014.11.26,24020
2014.11.27,25280
2014.11.28,25740
2014.12.1,25900
2014.12.2,25900
2014.12.3,25960
2014.12.4,26000
2014.12.5,26040
2014.12.8,26380
2014.12.9,26980
2014.12.10,26340
2014.12.11,26100
2014.12.12,25720
2014.12.15,25460
2014.12.16,25580
2014.12.17,25320
2014.12.18,25320
2014.12.19,26560
2014.12.22,26900
2014.12.23,26780
2014.12.24,26860
2014.12.26,27040
2014.12.29,26580
2014.12.30,26540
2015.1.2,26600
2015.1.5,26660
2015.1.6,25900
2015.1.7,26140
2015.1.8,26280
2015.1.9,26280
2015.1.12,26320
2015.1.13,26780
2015.1.14,26900
2015.1.15,26680
2015.1.16,26320
2015.1.19,26860
2015.1.20,27440
2015.1.21,27900
2015.1.22,27560
2015.1.23,27720
2015.1.26,27780
2015.1.27,28000
2015.1.28,27560
2015.1.29,27200
2015.1.30,27300
2015.2.2,27360
2015.2.3,27320
2015.2.4,27180
2015.2.5,27160
2015.2.6,27440
2015.2.9,27900
2015.2.10,27560
2015.2.11,27100
2015.2.12,26880
2015.2.13,27220
2015.2.16,27480
2015.2.17,27540
2015.2.23,27340
2015.2.24,27340
2015.2.25,27580
2015.2.26,27500
2015.2.27,27140
2015.3.2,28460
2015.3.3,28360
2015.3.4,28740
2015.3.5,28440
2015.3.6,28840
2015.3.9,28400
2015.3.10,28420
2015.3.11,29480
2015.3.12,28940
2015.3.13,29140
2015.3.16,29400
2015.3.17,29940
2015.3.18,30060
2015.3.19,29400
2015.3.20,29280
2015.3.23,29340
2015.3.24,29520
2015.3.25,29700
2015.3.26,28420
2015.3.27,28420
2015.3.30,28560
2015.3.31,28820
2015.4.1,28460
2015.4.2,28680
2015.4.3,28680
2015.4.6,29400
2015.4.7,29240
2015.4.8,29580
2015.4.9,29660
2015.4.10,29800
2015.4.13,29580
2015.4.14,29480
2015.4.15,28920
2015.4.16,29540
2015.4.17,29000
2015.4.20,28600
2015.4.21,28880
2015.4.22,29220
2015.4.23,29020
2015.4.24,28200
2015.4.27,27900
2015.4.28,27320
2015.4.29,27700
2015.4.30,28200
2015.5.4,28000
2015.5.6,27240
2015.5.7,27400
2015.5.8,26760
2015.5.11,26720
2015.5.12,26620
2015.5.13,26660
2015.5.14,26800
2015.5.15,26520
2015.5.18,26400
2015.5.19,26760
2015.5.20,27320
2015.5.21,27040
2015.5.22,27000
2015.5.26,27240
2015.5.27,26280
2015.5.28,26180
2015.5.29,26140
2015.6.1,25820
2015.6.2,26060
2015.6.3,25460
2015.6.4,26740
2015.6.5,26820
2015.6.8,26280
2015.6.9,25640
2015.6.10,25240
2015.6.11,25140
2015.6.12,25540
2015.6.15,25400
2015.6.16,25100
2015.6.17,25080
2015.6.18,25300
2015.6.19,25320
2015.6.22,25620
2015.6.23,26420
2015.6.24,26040
2015.6.25,25380
2015.6.26,25560
2015.6.29,25620
2015.6.30,25360
2015.7.1,25900
2015.7.2,25980
2015.7.3,25360
2015.7.6,24600
2015.7.7,24800
2015.7.8,24780
2015.7.9,25300
2015.7.10,25180
2015.7.13,25320
2015.7.14,24500
2015.7.15,24700
2015.7.16,25640
2015.7.17,26100
2015.7.20,25500
2015.7.21,25260
2015.7.22,25060
2015.7.23,24680
2015.7.24,24580
2015.7.27,24600
2015.7.28,24600
2015.7.29,25260
2015.7.30,24300
2015.7.31,23700
2015.8.3,23500
2015.8.4,23640
2015.8.5,23180
2015.8.6,22300
2015.8.7,22720
2015.8.10,22820
2015.8.11,23140
2015.8.12,23080
2015.8.13,22800
2015.8.14,22800
2015.8.17,22080
2015.8.18,22620
2015.8.19,23080
2015.8.20,22780
2015.8.21,22020
2015.8.24,21580
2015.8.25,21580
2015.8.26,21340
2015.8.27,21340
2015.8.28,21620
2015.8.31,21780
2015.9.1,21700
2015.9.2,21800
2015.9.3,22440
2015.9.4,22580
2015.9.7,22240
2015.9.8,22620
2015.9.9,22940
2015.9.10,22680
2015.9.11,22300
2015.9.14,22480
2015.9.15,22460
2015.9.16,23040
2015.9.17,23140
2015.9.18,23800
2015.9.21,23000
2015.9.22,22900
2015.9.23,22620
2015.9.24,22520
2015.9.25,22240
2015.9.30,22680
2015.10.1,22680
2015.10.2,22380
2015.10.5,22300
2015.10.6,23020
2015.10.7,25020
2015.10.8,25400
2015.10.12,25200
2015.10.13,25040
2015.10.14,25080
2015.10.15,25380
2015.10.16,25300
2015.10.19,25120
2015.10.20,25320
2015.10.21,25400
2015.10.22,25600
2015.10.23,25780
2015.10.26,25840
2015.10.27,25960
2015.10.28,26160
2015.10.29,26500
2015.10.30,27440
2015.11.2,27660
2015.11.3,27040
2015.11.4,26600
2015.11.5,26840
2015.11.6,26760
2015.11.9,26880
2015.11.10,26420
2015.11.11,26660
2015.11.12,26340
2015.11.13,26000
2015.11.16,25260
2015.11.17,25400
2015.11.18,25620
2015.11.19,25780
2015.11.20,25700
2015.11.23,25640
2015.11.24,25980
2015.11.25,25980
2015.11.26,26700
2015.11.27,26540
2015.11.30,25680
2015.12.1,26420
2015.12.2,26000
2015.12.3,25800
2015.12.4,25380
2015.12.7,25240
2015.12.8,25240
2015.12.9,25260
2015.12.10,25660
2015.12.11,25680
2015.12.14,25220
2015.12.15,25540
2015.12.16,25980
2015.12.17,25800
2015.12.18,25560
2015.12.21,25600
2015.12.22,25840
2015.12.23,25900
2015.12.24,25700
2015.12.28,25320
2015.12.29,25080
2015.12.30,25200
2016.1.4,24100
2016.1.5,24160
2016.1.6,23500
2016.1.7,23260
2016.1.8,23420
2016.1.11,23040
2016.1.12,22920
2016.1.13,22960
2016.1.14,22760
2016.1.15,22640
2016.1.18,22520
2016.1.19,23420
2016.1.20,22760
2016.1.21,22620
2016.1.22,23360
2016.1.25,23240
2016.1.26,22740
2016.1.27,23500
2016.1.28,22900
2016.1.29,23000
2016.2.1,23260
2016.2.2,23120
2016.2.3,22920
2016.2.4,23120
2016.2.5,23280
2016.2.11,22600
2016.2.12,22600
2016.2.15,23080
2016.2.16,23360
2016.2.17,23700
2016.2.18,23740
2016.2.19,23800
2016.2.22,23500
2016.2.23,23620
2016.2.24,23440
2016.2.25,23580
2016.2.26,23440
2016.2.29,23560
2016.3.2,23940
2016.3.3,24400
2016.3.4,24300
2016.3.7,24460
2016.3.8,23840
2016.3.9,23880
2016.3.10,24500
2016.3.11,24980
2016.3.14,25100
2016.3.15,25060
2016.3.16,25120
2016.3.17,25260
2016.3.18,25460
2016.3.21,25340
2016.3.22,25380
2016.3.23,25580
2016.3.24,25640
2016.3.25,25760
2016.3.28,25880
2016.3.29,25800
2016.3.30,26160
2016.3.31,26240
2016.4.1,25580
2016.4.4,26100
2016.4.5,25200
2016.4.6,25700
2016.4.7,25380
2016.4.8,24920
2016.4.11,25320
2016.4.12,25500
2016.4.14,26000
2016.4.15,26000
2016.4.18,25980
2016.4.19,25760
2016.4.20,25980
2016.4.21,25880
2016.4.22,25600
2016.4.25,25620
2016.4.26,25920
2016.4.27,26000
2016.4.28,25300
2016.4.29,24900
2016.5.2,25000
2016.5.3,25220
2016.5.4,25800
2016.5.9,25980
2016.5.10,25920
2016.5.11,25840
2016.5.12,25620
2016.5.13,25060
2016.5.16,24960
2016.5.17,25280
2016.5.18,25360
2016.5.19,25400
2016.5.20,25380
2016.5.23,25720
2016.5.24,25420
2016.5.25,25900
2016.5.26,25920
2016.5.27,25640
2016.5.30,25600
2016.5.31,25840
2016.6.1,26660
2016.6.2,27300
2016.6.3,27540
2016.6.7,27960
2016.6.8,28120
2016.6.9,28600
2016.6.10,28120
2016.6.13,27420
2016.6.14,27600
2016.6.15,28260
2016.6.16,28180
2016.6.17,28520
2016.6.20,28620
2016.6.21,28960
2016.6.22,28900
2016.6.23,28600
2016.6.24,28000
2016.6.27,27960
2016.6.28,27980
2016.6.29,27920
2016.6.30,28500
2016.7.1,29320
2016.7.4,29320
2016.7.5,29380
2016.7.6,28420
2016.7.7,29000
2016.7.8,29200
2016.7.11,29780
2016.7.12,29280
2016.7.13,29620
2016.7.14,30000
2016.7.15,30360
2016.7.18,30660
2016.7.19,30660
2016.7.20,30800
2016.7.21,30860
2016.7.22,30320
2016.7.25,30040
2016.7.26,30600
2016.7.27,30540
2016.7.28,30140
2016.7.29,30780
2016.8.1,31360
2016.8.2,30960
2016.8.3,30340
2016.8.4,30340
2016.8.5,31220
2016.8.8,31380
2016.8.9,31340
2016.8.10,30820
2016.8.11,31180
2016.8.12,30900
2016.8.16,31360
2016.8.17,31320
2016.8.18,32800
2016.8.19,33500
2016.8.22,33300
2016.8.23,33740
2016.8.24,33060
2016.8.25,32780
2016.8.26,32240
2016.8.29,32800
2016.8.30,32900
2016.8.31,32400
2016.9.1,31740
2016.9.2,31940
2016.9.5,32120
2016.9.6,32860
2016.9.7,32420
2016.9.8,32780
2016.9.9,31500
2016.9.12,29300
2016.9.13,30540
2016.9.19,31160
2016.9.20,31700
2016.9.21,31840
2016.9.22,32360
2016.9.23,31420
2016.9.26,31360
2016.9.27,31380
2016.9.28,31340
2016.9.29,32000
2016.9.30,31960
2016.10.4,32280
2016.10.5,32380
2016.10.6,33820
2016.10.7,34120
2016.10.10,33600
2016.10.11,30900
2016.10.12,30700
2016.10.13,31140
2016.10.14,31540
2016.10.17,31800
2016.10.18,31780
2016.10.19,32500
2016.10.20,32400
2016.10.21,31780
2016.10.24,32160
2016.10.25,31940
2016.10.26,31340
2016.10.27,31460
2016.10.28,32280
2016.10.31,32780
2016.11.1,33040
2016.11.2,32860
2016.11.3,32320
2016.11.4,32540
2016.11.7,32800
2016.11.8,32880
2016.11.9,31920
2016.11.10,32980
2016.11.11,31960
2016.11.14,31060
2016.11.15,30780
2016.11.16,31160
2016.11.17,31360
2016.11.18,31720
2016.11.21,31860
2016.11.22,32800
2016.11.23,32980
2016.11.24,33000
2016.11.25,33000
2016.11.28,33540
2016.11.29,33540
2016.11.30,34920
2016.12.1,34980
2016.12.2,34540
2016.12.5,34360
2016.12.6,34960
2016.12.7,35440
2016.12.8,35800
2016.12.9,35600
2016.12.12,35040
2016.12.13,35320
2016.12.14,35540
2016.12.15,35180
2016.12.16,35860
2016.12.19,35900
2016.12.20,36240
2016.12.21,36100
2016.12.22,36180
2016.12.23,35640
2016.12.26,35960
2016.12.27,35980
2016.12.28,35760
2016.12.29,36040
2017.1.2,36100
2017.1.3,36480
2017.1.4,36160
2017.1.5,35560
2017.1.6,36200
2017.1.9,37220
2017.1.10,37240
2017.1.11,38280
2017.1.12,38800
2017.1.13,37460
2017.1.16,36660
2017.1.17,36960
2017.1.18,36940
2017.1.19,37480
2017.1.20,37200
2017.1.23,38060
2017.1.24,38160
2017.1.25,39400
2017.1.26,39900
2017.1.31,39460
2017.2.1,39120
2017.2.2,39360
2017.2.3,39460
2017.2.6,39560
2017.2.7,38820
2017.2.8,38400
2017.2.9,38400
2017.2.10,38360
2017.2.13,37960
2017.2.14,37580
2017.2.15,37720
2017.2.16,38020
2017.2.17,37860
2017.2.20,38660
2017.2.21,38940
2017.2.22,39300
2017.2.23,39180
2017.2.24,38220
2017.2.27,38060
2017.2.28,38440
2017.3.2,39720
2017.3.3,39620
2017.3.6,40080
2017.3.7,40200
2017.3.8,40200
2017.3.9,40200
2017.3.10,40180
2017.3.13,40600
2017.3.14,41360
2017.3.15,41400
2017.3.16,41840
2017.3.17,42400
2017.3.20,41900
2017.3.21,42560
2017.3.22,42460
2017.3.23,41800
2017.3.24,41500
2017.3.27,41200
2017.3.28,41480
2017.3.29,41780
2017.3.30,41980
2017.3.31,41200
2017.4.3,41440
2017.4.4,42080
2017.4.5,42140
2017.4.6,41840
2017.4.7,41600
2017.4.10,41940
2017.4.11,41600
2017.4.12,41900
2017.4.13,42420
2017.4.14,42020
2017.4.17,41560
2017.4.18,41500
2017.4.19,40900
2017.4.20,40280
2017.4.21,40760
2017.4.24,41240
2017.4.25,42700
2017.4.26,42800
2017.4.27,43840
2017.4.28,44620
2017.5.2,44900
2017.5.4,45520
2017.5.8,47020
2017.5.10,45600
2017.5.11,45500
2017.5.12,45820
2017.5.15,46100
2017.5.16,46380
2017.5.17,46340
2017.5.18,45940
2017.5.19,44720
2017.5.22,45100
2017.5.23,44920
2017.5.24,44880
2017.5.25,45680
2017.5.26,46080
2017.5.29,45620
2017.5.30,44640
2017.5.31,44700
2017.6.1,44680
2017.6.2,45960
2017.6.5,45940
2017.6.7,45300
2017.6.8,45160
2017.6.9,46100
2017.6.12,45380
2017.6.13,45400
2017.6.14,45360
2017.6.15,45680
2017.6.16,45580
2017.6.19,46560
2017.6.20,48140
2017.6.21,47480
2017.6.22,47960
2017.6.23,47620
2017.6.26,48280
2017.6.27,48300
2017.6.28,47700
2017.6.29,47940
2017.6.30,47540
2017.7.3,47220
2017.7.4,47000
2017.7.5,47580
2017.7.6,48060
2017.7.7,47860
2017.7.10,48660
2017.7.11,49000
2017.7.12,49880
2017.7.13,50560
2017.7.14,50480
2017.7.17,50640
2017.7.18,50840
2017.7.19,50740
2017.7.20,51200
2017.7.21,51080
2017.7.24,50860
2017.7.25,50000
2017.7.26,49840
2017.7.27,49800
2017.7.28,47760
2017.7.31,48200
2017.8.1,48600
2017.8.2,49000
2017.8.3,47780
2017.8.4,47700
2017.8.7,47580
2017.8.8,47720
2017.8.9,46280
2017.8.10,45900
2017.8.11,44620
2017.8.14,45000
2017.8.16,46200
2017.8.17,47040
2017.8.18,46900
2017.8.21,46840
2017.8.22,47000
2017.8.23,47480
2017.8.24,47520
2017.8.25,47020
2017.8.28,46100
2017.8.29,46080
2017.8.30,46200
2017.8.31,46320
2017.9.1,46480
2017.9.4,46040
2017.9.5,46760
2017.9.6,47000
2017.9.7,48120
2017.9.8,49080
2017.9.11,49800
2017.9.12,49600
2017.9.13,49620
2017.9.14,50300
2017.9.15,50400
2017.9.18,52480
2017.9.19,52120
2017.9.20,52220
2017.9.21,52800
2017.9.25,53620
2017.9.26,53620
2017.9.27,51680
2017.9.28,51260
2017.9.29,51280
2017.10.10,52800
2017.10.11,54640
2017.10.12,54800
2017.10.13,54000
2017.10.16,53920
2017.10.17,54800
2017.10.18,54760
2017.10.19,52980
2017.10.20,53840
2017.10.23,54300
2017.10.24,54040
2017.10.25,53900
2017.10.26,52400
2017.10.27,53080
2017.10.30,54040
2017.10.31,55080
2017.11.1,57220
2017.11.2,57060
2017.11.3,56380
2017.11.6,56380
2017.11.7,56100
2017.11.8,56760
2017.11.9,56340
2017.11.10,56400
2017.11.13,56380
2017.11.14,55920
2017.11.15,55340
2017.11.16,55780
2017.11.17,55820
2017.11.20,55200
2017.11.21,55280
2017.11.22,55960
2017.11.23,55300
2017.11.24,55460
2017.11.27,52640
2017.11.28,53280
2017.11.29,52600
2017.11.30,50800
2017.12.1,50840
2017.12.4,51340
2017.12.5,51260
2017.12.6,50020
2017.12.7,50740
2017.12.8,52000
2017.12.11,51780
2017.12.12,52100
2017.12.13,51320
2017.12.14,51060
2017.12.15,50620
2017.12.18,51200
2017.12.19,51560
2017.12.21,49140
2017.12.22,49700
2017.12.26,48200
2017.12.27,49360
2017.12.28,50960
2018.1.2,51020
2018.1.3,51620
2018.1.4,51080
2018.1.5,52120
2018.1.8,52020
2018.1.9,50400
2018.1.10,48840
2018.1.11,48240
2018.1.12,48200
2018.1.15,48540
2018.1.16,50000
2018.1.17,49620
2018.1.18,49900
2018.1.19,49320
2018.1.22,48240
2018.1.23,49160
2018.1.24,49340
2018.1.25,50260
2018.1.26,50780
2018.1.29,51220
2018.1.30,49800
2018.1.31,49900
2018.2.1,49820
2018.2.2,47700
2018.2.5,47920
2018.2.6,47420
2018.2.7,45800
2018.2.8,46000
2018.2.9,44700
2018.2.12,45720
2018.2.13,47540
2018.2.14,49000
2018.2.19,48380
2018.2.20,47400
2018.2.21,47280
2018.2.22,46760
2018.2.23,47220
2018.2.26,47380
2018.2.27,47380
2018.2.28,47060
2018.3.2,46020
2018.3.5,45200
2018.3.6,47020
2018.3.7,48620
2018.3.8,49200
2018.3.9,49740
2018.3.12,49740
2018.3.13,51660
2018.3.14,51760
2018.3.15,51540
2018.3.16,51140
2018.3.19,50740
2018.3.20,51200
2018.3.21,51060
2018.3.22,51780
2018.3.23,49720
2018.3.26,50280
2018.3.27,49980
2018.3.28,48700
2018.3.29,49040
2018.3.30,49220
2018.4.2,48540
2018.4.3,48120
2018.4.4,46920
2018.4.5,48740
2018.4.6,48400
2018.4.9,49200
2018.4.10,48880
2018.4.11,48860
2018.4.12,49000
2018.4.13,49800
2018.4.16,50340
2018.4.17,49980
2018.4.18,51360
2018.4.19,52780
2018.4.20,51620
2018.4.23,51900
2018.4.24,50460
2018.4.25,50400
2018.4.26,52140
2018.4.27,53000
2018.4.30,53000
2018.5.2,53000
2018.5.3,53000
2018.5.4,51900
2018.5.8,52600
2018.5.9,50900
2018.5.10,51600
2018.5.11,51300
2018.5.14,50100
2018.5.15,49200
2018.5.16,49850
2018.5.17,49400
2018.5.18,49500
2018.5.21,50000
2018.5.23,51800
2018.5.24,51400
2018.5.25,52700
2018.5.28,52300
2018.5.29,51300
2018.5.30,49500
2018.5.31,50700
2018.6.1,51300
2018.6.4,51100
2018.6.5,51300
2018.6.7,50600
2018.6.8,49650
2018.6.11,49900
2018.6.12,49400
2018.6.14,48200
2018.6.15,47650
2018.6.18,46600
2018.6.19,47000
2018.6.20,47000
2018.6.21,47050
2018.6.22,47250
2018.6.25,46650
2018.6.26,47000
2018.6.27,47950
2018.6.28,46800
2018.6.29,46650
2018.7.2,45550
2018.7.3,46150
2018.7.4,46250
2018.7.5,45950
2018.7.6,44900
2018.7.9,45600
2018.7.10,46300
2018.7.11,46000
2018.7.12,45500
2018.7.13,46500
2018.7.16,46050
2018.7.17,45850
2018.7.18,46550
2018.7.19,46900
2018.7.20,47450
2018.7.23,46500
2018.7.24,46150
2018.7.25,46150
2018.7.26,46900
2018.7.27,46900
2018.7.30,46500
2018.7.31,46250
2018.8.1,46550
2018.8.2,45550
2018.8.3,45750
2018.8.6,45800
2018.8.7,46700
2018.8.8,46800
2018.8.9,46900
2018.8.10,45400
2018.8.13,45050
2018.8.14,45150
2018.8.16,44250
2018.8.17,44100
2018.8.20,43850
2018.8.21,44800
2018.8.22,46100
2018.8.23,46200
2018.8.24,46150
2018.8.27,46300
2018.8.28,46550
2018.8.29,46800
2018.8.30,47650
2018.8.31,48450
2018.9.3,47450
2018.9.4,47650
2018.9.5,46600
2018.9.6,46100
2018.9.7,44900
2018.9.10,45500
2018.9.11,45050
2018.9.12,44550
2018.9.13,44050
2018.9.14,45850
2018.9.17,45150
2018.9.18,45500
2018.9.19,46150
2018.9.20,47250
2018.9.21,47400
2018.9.27,47500
2018.9.28,46450
2018.10.1,46350
2018.10.2,45700
2018.10.4,44700
2018.10.5,44700
2018.10.8,44950
2018.10.10,45300
2018.10.11,43100
2018.10.12,44000
2018.10.15,43800
2018.10.16,43600
2018.10.17,44150
2018.10.18,44050
2018.10.19,43900
2018.10.22,43550
2018.10.23,43050
2018.10.24,42550
2018.10.25,41000
2018.10.26,41000
2018.10.29,41400
2018.10.30,42350
2018.10.31,42400
2018.11.1,42150
2018.11.2,44150
2018.11.5,43800
2018.11.6,43750
2018.11.7,44000
2018.11.8,44050
2018.11.9,44300
2018.11.12,45200
2018.11.13,44500
2018.11.14,44100
2018.11.15,44250
2018.11.16,44000
2018.11.19,43650
2018.11.20,42800
2018.11.21,42100
2018.11.22,42450
2018.11.23,42400
2018.11.26,42600
2018.11.27,43050
2018.11.28,43150
2018.11.29,43150
2018.11.30,41850
2018.12.3,43250
2018.12.4,42150
2018.12.5,41450
2018.12.6,40500
2018.12.7,40950
2018.12.10,40200
2018.12.11,40250
2018.12.12,40450
2018.12.13,40000
2018.12.14,38950
2018.12.17,39150
2018.12.18,38900
2018.12.19,39100
2018.12.20,38650
2018.12.21,38650
2018.12.24,38800
2018.12.26,38350
2018.12.27,38250
2018.12.28,38700
2019.1.2,38750
2019.1.3,37600
2019.1.4,37450
2019.1.7,38750
2019.1.8,38100
2019.1.9,39600
2019.1.10,39800
2019.1.11,40500
2019.1.14,40050
2019.1.15,41100
2019.1.16,41450
2019.1.17,41950
2019.1.18,42300
2019.1.21,42750
2019.1.22,42150
2019.1.23,42000
2019.1.24,43050
2019.1.25,44750
2019.1.28,45050
2019.1.29,45500
2019.1.30,46400
2019.1.31,46150
2019.2.1,46350
2019.2.7,46200
2019.2.8,44800
2019.2.11,45000
2019.2.12,46050
2019.2.13,46200
2019.2.14,47500
2019.2.15,46050
2019.2.18,46200
2019.2.19,45950
2019.2.20,46900
2019.2.21,46950
2019.2.22,47150
2019.2.25,47350
2019.2.26,46750
2019.2.27,46750
2019.2.28,45100
2019.3.4,44850
2019.3.5,44250
2019.3.6,44000
2019.3.7,44450
2019.3.8,43800
2019.3.11,43650
2019.3.12,44650
2019.3.13,43850
2019.3.14,43850
2019.3.15,44200
2019.3.18,43700
2019.3.19,43900
2019.3.20,44050
2019.3.21,45850
2019.3.22,46550
2019.3.25,45500
2019.3.26,45250
2019.3.27,45350
2019.3.28,44850
2019.3.29,44650
2019.4.1,45050
2019.4.2,45750
2019.4.3,46600
2019.4.4,46950
2019.4.5,46850
2019.4.8,46650
2019.4.9,46650
2019.4.10,46700
2019.4.11,46250
2019.4.12,46850
2019.4.15,47050
2019.4.16,47250
2019.4.17,47050
2019.4.18,45600
2019.4.19,45300
2019.4.22,45350
2019.4.23,45200
2019.4.24,44750
2019.4.25,44650
2019.4.26,44850
2019.4.29,46150
2019.4.30,45850
2019.5.2,45900
2019.5.3,45300
2019.5.7,44850
2019.5.8,44250
2019.5.9,42450
2019.5.10,42900
2019.5.13,42650
2019.5.14,42650
2019.5.15,42550
2019.5.16,41550
2019.5.17,41200
2019.5.20,42000
2019.5.21,43150
2019.5.22,43500
2019.5.23,43850
2019.5.24,42700
2019.5.27,42650
2019.5.28,42550
2019.5.29,41800
2019.5.30,42550
2019.5.31,42500
2019.6.3,43800
2019.6.4,43450
2019.6.5,43900
2019.6.7,44200
2019.6.10,44800
2019.6.11,44850
2019.6.12,44600
2019.6.13,43750
2019.6.14,44000
2019.6.17,43900
2019.6.18,44350
2019.6.19,45350
2019.6.20,45500
2019.6.21,45700
2019.6.24,45500
2019.6.25,45600
2019.6.26,45700
2019.6.27,46500
2019.6.28,47000
2019.7.1,46600
2019.7.2,46250
2019.7.3,45400
2019.7.4,46000
2019.7.5,45650
2019.7.8,44400
2019.7.9,45100
2019.7.10,45550
2019.7.11,46200
2019.7.12,46300
2019.7.15,46450
2019.7.16,46850
2019.7.17,46050
2019.7.18,46100
2019.7.19,46800
2019.7.22,47200
2019.7.23,47300
2019.7.24,46400
2019.7.25,47200
2019.7.26,47150
2019.7.29,46100
2019.7.30,46550
2019.7.31,45350
2019.8.1,45200
2019.8.2,44950
2019.8.5,43950
2019.8.6,43500
2019.8.7,43200
2019.8.8,42650
2019.8.9,43150
2019.8.12,43700
2019.8.13,43000
2019.8.14,43700
2019.8.16,43900
2019.8.19,43600
2019.8.20,44450
2019.8.21,44500
2019.8.22,44050
2019.8.23,43950
2019.8.26,43600
2019.8.27,44050
2019.8.28,44150
2019.8.29,43400
2019.8.30,44000
2019.9.2,43800
2019.9.3,43250
2019.9.4,44100
2019.9.5,45700
2019.9.6,46300
2019.9.9,46900
2019.9.10,47000
2019.9.11,47150
2019.9.16,47100
2019.9.17,46900
2019.9.18,47700
2019.9.19,49150
2019.9.20,49200
2019.9.23,49300
2019.9.24,49500
2019.9.25,48900
2019.9.26,49200
2019.9.27,48400
2019.9.30,49050
2019.10.1,48850
2019.10.2,47600
2019.10.4,48000
2019.10.7,47750
2019.10.8,48900
2019.10.10,48550
2019.10.11,49150
2019.10.14,50000
2019.10.15,50100
2019.10.16,50700
2019.10.17,50500
2019.10.18,49900
2019.10.21,50300
2019.10.22,51200
2019.10.23,51200
2019.10.24,50700
2019.10.25,50900
2019.10.28,51300
2019.10.29,51100
2019.10.30,50400
2019.10.31,50400
2019.11.1,51200
2019.11.4,52300
2019.11.5,52700
2019.11.6,53300
2019.11.7,52900
2019.11.8,52100
2019.11.11,51600
2019.11.12,52600
2019.11.13,52500
2019.11.14,52800
2019.11.15,53700
2019.11.18,53500
2019.11.19,53500
2019.11.20,52000
2019.11.21,51000
2019.11.22,51600
2019.11.25,51800
2019.11.26,51800
2019.11.27,52200
2019.11.28,51300
2019.11.29,50300
2019.12.2,50400
2019.12.3,49900
2019.12.4,49450
2019.12.5,49500
2019.12.6,50400
2019.12.9,51200
2019.12.10,51500
2019.12.11,51900
2019.12.12,53300
2019.12.13,54700
2019.12.16,54700
2019.12.17,56700
2019.12.18,56300
2019.12.19,56000
2019.12.20,56000
2019.12.23,55500
2019.12.24,55000
2019.12.26,55400
2019.12.27,56500
2019.12.30,55800
2020.1.2,55200
2020.1.3,55500
2020.1.6,55500
2020.1.7,55800
2020.1.8,56800
2020.1.9,58600
2020.1.10,59500
2020.1.13,60000
2020.1.14,60000
2020.1.15,59000
2020.1.16,60700
2020.1.17,61300
2020.1.20,62400
2020.1.21,61400
2020.1.22,62300
2020.1.23,60800
2020.1.28,58800
2020.1.29,59100
2020.1.30,57200
2020.1.31,56400
2020.2.3,57200
2020.2.4,58900
2020.2.5,59500
2020.2.6,61100
2020.2.7,60400
2020.2.10,59700
2020.2.11,59900
2020.2.12,60500
2020.2.13,60700
2020.2.14,61800
2020.2.17,61500
2020.2.18,59800
2020.2.19,60200
2020.2.20,60000
2020.2.21,59200
2020.2.24,56800
2020.2.25,57900
2020.2.26,56500
2020.2.27,55900
2020.2.28,54200
2020.3.2,55000
2020.3.3,55400
2020.3.4,57400
2020.3.5,57800
2020.3.6,56500
2020.3.9,56500
2020.3.10,54600
2020.3.11,52100
2020.3.12,52100
2020.3.13,49950
2020.3.16,48900
2020.3.17,47300
2020.3.18,45600
2020.3.19,42950
2020.3.20,45400
2020.3.23,42500
2020.3.24,46950
2020.3.25,48650
2020.3.26,47800
2020.3.27,48300
2020.3.30,47850
2020.3.31,47750
2020.4.1,45800
2020.4.2,46800
2020.4.3,47000
2020.4.6,48700
2020.4.7,49600
2020.4.8,48600
2020.4.9,49100
2020.4.10,49250
2020.4.13,48300
2020.4.14,49000
2020.4.16,49000
2020.4.17,51400
2020.4.20,50100
2020.4.21,49250
2020.4.22,49850
2020.4.23,49850
2020.4.24,49350
2020.4.27,49850
2020.4.28,50100
2020.4.29,50000
2020.5.4,48500
2020.5.6,49200
2020.5.7,48800
2020.5.8,48800
2020.5.11,48400
2020.5.12,47900
2020.5.13,48550
2020.5.14,48000
2020.5.15,47850
2020.5.18,48800
2020.5.19,50300
2020.5.20,50000
2020.5.21,49950
2020.5.22,48750
2020.5.25,48850
2020.5.26,49250
2020.5.27,49900
2020.5.28,50400
2020.5.29,50700
2020.6.1,51200
2020.6.2,51400
2020.6.3,54500
2020.6.4,54600
2020.6.5,55500
2020.6.8,54900
2020.6.9,55500
2020.6.10,55400
2020.6.11,54300
2020.6.12,52300
2020.6.15,49900
2020.6.16,52100
2020.6.17,52200
2020.6.18,52300
2020.6.19,52900
2020.6.22,52000
2020.6.23,51400
2020.6.24,52900
2020.6.25,51900
2020.6.26,53300
2020.6.29,52400
2020.6.30,52800
2020.7.1,52600
2020.7.2,52900
2020.7.3,53600
2020.7.6,55000
2020.7.7,53400
2020.7.8,53000
2020.7.9,52800
2020.7.10,52700
2020.7.13,53400
2020.7.14,53800
2020.7.15,54700
2020.7.16,53800
2020.7.17,54400
2020.7.20,54200
2020.7.21,55300
2020.7.22,54700
2020.7.23,54100
2020.7.24,54200
2020.7.27,55600
2020.7.28,58600
2020.7.29,59000
2020.7.30,59000
2020.7.31,57900
2020.8.3,56800
2020.8.4,57300
2020.8.5,56900
2020.8.6,58000
2020.8.7,57500
2020.8.10,57800
2020.8.11,58200
2020.8.12,59000
2020.8.13,58700
2020.8.14,58000
2020.8.18,58400
2020.8.19,57800
2020.8.20,55400
2020.8.21,55900
2020.8.24,56100
2020.8.25,56400
2020.8.26,56400
2020.8.27,55600
2020.8.28,55400
2020.8.31,54000
2020.9.1,54200
2020.9.2,54400
2020.9.3,56400
2020.9.4,55600
2020.9.7,56500
2020.9.8,58700
2020.9.9,58400
2020.9.10,59200
2020.9.11,59000
2020.9.14,60400
2020.9.15,61000
2020.9.16,61000
2020.9.17,59500
2020.9.18,59300
2020.9.21,59200
2020.9.22,58200
2020.9.23,58600
2020.9.24,57800
2020.9.25,57900
2020.9.28,58200
2020.9.29,58200
2020.10.5,58700
2020.10.6,59000
2020.10.7,59900
2020.10.8,59700
2020.10.12,60400
2020.10.13,60900
2020.10.14,60900
2020.10.15,60000
2020.10.16,59500
2020.10.19,60000
2020.10.20,60900
2020.10.21,60900
2020.10.22,60100
2020.10.23,60200
2020.10.26,60400
2020.10.27,59800
2020.10.28,59000
2020.10.29,58100
2020.10.30,56600
2020.11.2,57400
2020.11.3,58800
2020.11.4,58500
2020.11.5,60300
2020.11.6,60100
2020.11.9,60200
2020.11.10,60200
2020.11.11,61300
2020.11.12,61000
2020.11.13,63200
2020.11.16,66300
2020.11.17,65700
2020.11.18,64800
2020.11.19,64600
2020.11.20,64700
2020.11.23,67500
2020.11.24,67700
2020.11.25,66600
2020.11.26,68000
2020.11.27,68200
2020.11.30,66700
2020.12.1,67800
2020.12.2,69500
2020.12.3,69700
2020.12.4,71500
2020.12.7,72900
2020.12.8,71700
2020.12.9,73900
2020.12.10,72900
2020.12.11,73400
2020.12.14,73800
2020.12.15,73800
2020.12.16,73800
2020.12.17,73300
2020.12.18,73000
2020.12.21,73000
2020.12.22,72300
2020.12.23,73900
2020.12.24,77800
2020.12.28,78700
2020.12.29,78300
2020.12.30,81000
2021.1.4,83000
2021.1.5,83900
2021.1.6,82200
2021.1.7,82900
2021.1.8,88800
2021.1.11,91000
2021.1.12,90600
2021.1.13,89700
2021.1.14,89700
2021.1.15,88000
2021.1.18,85000
2021.1.19,87000
2021.1.20,87200
2021.1.21,88100
2021.1.22,86800
2021.1.25,89400
2021.1.26,86700
2021.1.27,85600
2021.1.28,83700
2021.1.29,82000
2021.2.1,83000
2021.2.2,84400
2021.2.3,84600
2021.2.4,82500
2021.2.5,83500
2021.2.8,83000
2021.2.9,82700
2021.2.10,81600
2021.2.15,84200
2021.2.16,84900
2021.2.17,83200
2021.2.18,82100
2021.2.19,82600
2021.2.22,82200
2021.2.23,82000
2021.2.24,82000
2021.2.25,85300
2021.2.26,82500
2021.3.2,83600
2021.3.3,84000
2021.3.4,82400
2021.3.5,82100
2021.3.8,82000
2021.3.9,81400
2021.3.10,80900
2021.3.11,82000
2021.3.12,82800
2021.3.15,81800
2021.3.16,82800
2021.3.17,82300
2021.3.18,82900
2021.3.19,81900
2021.3.22,82000
2021.3.23,81800
2021.3.24,81000
2021.3.25,81200
2021.3.26,81500
2021.3.29,81600
2021.3.30,82200
2021.3.31,81400
2021.4.1,82900
2021.4.2,84800
2021.4.5,85400
2021.4.6,86000
2021.4.7,85600
2021.4.8,84700
2021.4.9,83600
2021.4.12,83200
2021.4.13,84000
2021.4.14,84000
2021.4.15,84100
2021.4.16,83900
2021.4.19,83300
2021.4.20,83900
2021.4.21,82600
2021.4.22,82400
2021.4.23,82800
2021.4.26,83500
2021.4.27,82900
2021.4.28,82100
2021.4.29,81700
2021.4.30,81500
2021.5.3,81700
2021.5.4,82600
2021.5.6,82300
2021.5.7,81900
2021.5.10,83200
2021.5.11,81200
2021.5.12,80000
2021.5.13,78500
2021.5.14,80100
2021.5.17,79600
2021.5.18,79600
2021.5.20,79500
2021.5.21,80100
2021.5.24,79700
2021.5.25,79900
2021.5.26,79800
2021.5.27,79600
2021.5.28,80100
2021.5.31,80500
2021.6.1,80600
2021.6.2,80800
2021.6.3,82800
2021.6.4,82200
2021.6.7,81900
2021.6.8,81900
2021.6.9,81100
2021.6.10,81000
2021.6.11,81000
2021.6.14,80500
2021.6.15,80900
2021.6.16,81800
2021.6.17,80900
2021.6.18,80500
2021.6.21,79900
2021.6.22,80000
2021.6.23,80100
2021.6.24,81200
2021.6.25,81600
2021.6.28,81900
2021.6.29,81000
2021.6.30,80700
2021.7.1,80100
2021.7.2,80000
2021.7.5,80400
2021.7.6,81200
2021.7.7,80800
2021.7.8,79900
2021.7.9,79400
2021.7.12,79700
2021.7.13,79800
2021.7.14,79500
2021.7.15,80600
2021.7.16,79800
2021.7.19,79000
2021.7.20,79000
2021.7.21,78500
2021.7.22,79700
2021.7.23,79300
2021.7.26,78800
2021.7.27,78500
2021.7.28,79200
2021.7.29,79000
2021.7.30,78500
2021.8.2,79300
2021.8.3,81400
2021.8.4,82900
2021.8.5,82100
2021.8.6,81500
2021.8.9,81500
2021.8.10,80200
2021.8.11,78500
2021.8.12,77000
2021.8.13,74400
2021.8.17,74200
2021.8.18,73900
2021.8.19,73100
2021.8.20,72700
2021.8.23,73300
2021.8.24,75600
2021.8.25,75700
2021.8.26,74600
2021.8.27,74300
2021.8.30,74600
2021.8.31,76700
2021.9.1,76800
2021.9.2,76000
2021.9.3,76600
2021.9.6,77300
2021.9.7,76100
2021.9.8,76300
2021.9.9,75300
2021.9.10,75300
2021.9.13,76300
2021.9.14,76600
2021.9.15,77000
2021.9.16,76100
2021.9.17,77200
2021.9.23,77400
2021.9.24,77300
2021.9.27,77700
2021.9.28,76300
2021.9.29,74100
2021.9.30,74100
2021.10.1,73200
2021.10.5,72200
2021.10.6,71300
2021.10.7,71600
2021.10.8,71500
2021.10.12,69000
2021.10.13,68800
2021.10.14,69400
2021.10.15,70100
2021.10.18,70200
2021.10.19,70600
2021.10.20,70300
2021.10.21,70200
2021.10.22,70400
2021.10.25,70200
2021.10.26,71100
2021.10.27,70100
2021.10.28,70700
2021.10.29,69800
2021.11.1,69900
2021.11.2,71500
2021.11.3,70400
2021.11.4,70600
2021.11.5,70200
2021.11.8,70600
2021.11.9,70500
2021.11.10,70200
2021.11.11,69900
2021.11.12,70600
2021.11.15,71400
2021.11.16,71300
2021.11.17,70700
2021.11.18,70200
2021.11.19,71200
2021.11.22,74900
2021.11.23,75300
2021.11.24,74800
2021.11.25,73700
2021.11.26,72300
2021.11.29,72300
2021.11.30,71300
2021.12.1,74400
2021.12.2,75800
2021.12.3,75600
2021.12.6,76300
2021.12.7,77400
2021.12.8,77400
2021.12.9,78200
2021.12.10,76900
2021.12.13,76800
2021.12.14,77000
2021.12.15,77600
2021.12.16,77800
2021.12.17,78000
2021.12.20,77100
2021.12.21,78100
2021.12.22,79400
2021.12.23,79900
2021.12.24,80500
2021.12.27,80200
2021.12.28,80300
2021.12.29,78800
2021.12.30,78300
2022.1.4,78700
2022.1.5,77400
2022.1.6,76900
2022.1.7,78300
2022.1.10,78000
2022.1.11,78900
2022.1.12,78900
2022.1.13,77900
2022.1.14,77300
2022.1.17,77500
2022.1.18,77000
2022.1.19,76300
2022.1.20,76500
2022.1.21,75600
2022.1.24,75100
2022.1.25,74000
2022.1.26,74000
2022.1.27,71300
2022.1.28,73300
2022.2.3,73300
2022.2.4,74000
2022.2.7,73000
2022.2.8,73000
2022.2.9,73000
2022.2.10,75400
2022.2.11,74900
2022.2.14,73700
2022.2.15,73700
2022.2.16,74800
2022.2.17,75000
2022.2.18,74300
2022.2.21,74300
2022.2.22,74300
2022.2.23,74300
2022.2.24,71500
2022.2.25,71900
2022.2.28,71900
2022.3.2,71700
2022.3.3,72900
2022.3.4,72900
2022.3.7,70100
2022.3.8,69500
2022.3.10,69500
2022.3.11,70000
2022.3.14,70200
2022.3.15,70200
2022.3.16,70400
2022.3.17,70400
2022.3.18,70700
2022.3.21,69900
2022.3.22,70300
2022.3.23,70500
2022.3.24,69800
2022.3.25,69800
2022.3.28,69700
2022.3.29,70200
2022.3.30,69900
2022.3.31,69600
2022.4.1,69100
2022.4.4,69300
2022.4.5,69200
2022.4.6,68500
2022.4.7,68000
2022.4.8,67800
2022.4.11,67900
2022.4.12,67000
2022.4.13,68700
2022.4.14,67500
2022.4.15,66600
2022.4.18,66700
2022.4.19,67300
2022.4.20,67400
2022.4.21,67700
2022.4.22,67000
2022.4.25,66300
2022.4.26,66100
2022.4.27,65000
2022.4.28,64800
2022.4.29,67400
2022.5.2,67300
2022.5.3,67500
2022.5.4,67900
2022.5.6,66500
2022.5.10,65700
2022.5.11,65700
2022.5.12,64900
2022.5.13,66500
2022.5.16,66300
2022.5.17,67600
2022.5.18,68100
2022.5.19,67500
2022.5.20,68000
2022.5.23,67900
2022.5.24,66500
2022.5.25,66400
2022.5.26,65900
2022.5.27,66500
2022.5.30,67700
2022.5.31,67400
2022.6.2,66700
2022.6.3,66800
2022.6.7,65500
2022.6.8,65300
2022.6.9,65200
2022.6.10,63800
2022.6.13,62100
2022.6.14,61900
2022.6.15,60700
2022.6.16,60900
2022.6.17,59800
2022.6.20,58700
2022.6.21,58500
2022.6.22,57600
2022.6.23,57400
2022.6.24,58400
2022.6.27,58800
2022.6.28,59400
2022.6.29,58000
2022.6.30,57000
2022.7.1,56200
2022.7.4,57100
2022.7.5,57200
2022.7.6,56400
2022.7.7,58200
2022.7.8,58700
2022.7.11,58800
2022.7.12,58100
2022.7.13,58000
2022.7.14,57500
2022.7.15,60000
2022.7.18,61900
2022.7.19,60900
2022.7.20,60500
2022.7.21,61800
2022.7.22,61300
2022.7.25,61100
2022.7.26,61700
2022.7.27,61800
2022.7.28,61900
2022.7.29,61400
2022.8.1,61300
2022.8.2,61700
2022.8.3,61300
2022.8.4,61500
2022.8.5,61500
2022.8.8,60800
2022.8.9,60000
2022.8.10,59100
2022.8.11,59900
2022.8.12,60200
2022.8.16,61000
2022.8.17,60400
2022.8.18,61500
2022.8.19,60900
2022.8.22,60000
2022.8.23,59100
2022.8.24,59000
2022.8.25,59700
2022.8.26,60000
2022.8.29,58600
2022.8.30,58800
2022.8.31,59700
2022.9.1,58400
2022.9.2,57500
2022.9.5,57100
2022.9.6,57100
2022.9.7,56000
2022.9.8,55600
2022.9.13,58100
2022.9.14,56800
2022.9.15,56000
2022.9.16,56200
2022.9.19,56400
2022.9.20,55800
2022.9.21,55300
2022.9.22,54400
2022.9.23,54500
2022.9.26,53900
2022.9.27,54200
2022.9.28,52900
2022.9.29,52600
2022.9.30,53100
2022.10.4,55200
2022.10.5,56000
2022.10.6,56300
2022.10.7,56200
2022.10.11,55400
2022.10.12,55800
2022.10.13,55200
2022.10.14,56300
2022.10.17,56600
2022.10.18,56500
2022.10.19,55800
2022.10.20,55500
2022.10.21,55900
2022.10.24,57500
2022.10.25,57700
2022.10.26,59400
2022.10.27,59500
2022.10.28,57300
2022.10.31,59400
2022.11.1,60000
2022.11.2,59600
2022.11.3,59200
2022.11.4,59400
2022.11.7,60200
2022.11.8,61800
2022.11.9,62000
2022.11.10,60400
2022.11.11,62900
2022.11.14,61900
2022.11.15,62400
2022.11.16,62700
2022.11.17,61400
2022.11.18,61800
2022.11.21,61400
2022.11.22,60600
2022.11.23,61000
2022.11.24,61400
2022.11.25,61000
2022.11.28,60100
2022.11.29,60600
2022.11.30,62200
2022.12.1,62600
2022.12.2,60400
2022.12.5,60300
2022.12.6,59200
2022.12.7,58900
2022.12.8,59200
2022.12.9,60400
2022.12.12,59500
2022.12.13,59700
2022.12.14,60500
2022.12.15,59300
2022.12.16,59500
2022.12.19,59500
2022.12.20,58600
2022.12.21,58000
2022.12.22,59100
2022.12.23,58100
2022.12.26,57900
2022.12.27,58100
2022.12.28,56600
2022.12.29,55300
2023.1.2,55500
2023.1.3,55400
2023.1.4,57800
2023.1.5,58200
2023.1.6,59000
2023.1.9,60700
2023.1.10,60400
2023.1.11,60500
2023.1.12,60500
2023.1.13,60800
2023.1.16,61100
2023.1.17,61000
2023.1.18,60400
2023.1.19,61500
2023.1.20,61800
2023.1.25,63300
2023.1.26,63800
2023.1.27,64600
2023.1.30,63300
2023.1.31,61400
2023.2.1,61000
2023.2.2,63500
2023.2.3,63500
2023.2.6,61600
2023.2.7,62000
2023.2.8,63100
2023.2.9,63300
2023.2.10,62900
2023.2.13,62900
2023.2.14,63200
2023.2.15,62200
2023.2.16,63700
2023.2.17,62600
2023.2.20,62700
2023.2.21,62100
2023.2.22,61100
2023.2.23,62000
2023.2.24,61300
2023.2.27,60500
2023.2.28,60600
2023.3.2,60800
2023.3.3,60500
2023.3.6,61500
2023.3.7,60700
2023.3.8,60300
2023.3.9,60100
2023.3.10,59500
2023.3.13,60000
2023.3.14,59000
2023.3.15,59800
2023.3.16,59900
2023.3.17,61300
2023.3.20,60200
2023.3.21,60300
2023.3.22,61100
2023.3.23,62300
2023.3.24,63000
2023.3.27,62100
2023.3.28,62900
2023.3.29,62700
2023.3.30,63200
2023.3.31,64000
2023.4.3,63100
2023.4.4,63600
2023.4.5,63900
2023.4.6,62300
2023.4.7,65000
2023.4.10,65700
2023.4.11,65900
2023.4.12,66000
2023.4.13,66100
2023.4.14,65100
2023.4.17,65300
2023.4.18,65600
2023.4.19,65500
2023.4.20,65300
2023.4.21,65700
2023.4.24,65200
2023.4.25,63600
2023.4.26,64100
2023.4.27,64600
2023.4.28,65500
2023.5.2,65700
2023.5.3,65400
2023.5.4,65100
2023.5.8,65900
2023.5.9,65300
2023.5.10,64600
2023.5.11,64200
2023.5.12,64100
2023.5.15,64500
2023.5.16,65400
2023.5.17,65000
2023.5.18,66200
2023.5.19,68400
2023.5.22,68500
2023.5.23,68400
2023.5.24,68500
2023.5.25,68800
2023.5.26,70300
2023.5.30,72300
2023.5.31,71400
2023.6.1,70900
2023.6.2,72200
2023.6.5,71700
2023.6.7,71000
2023.6.8,70900
2023.6.9,72000
2023.6.12,71000
2023.6.13,72000
2023.6.14,71900
2023.6.15,71500
2023.6.16,71800
2023.6.19,71200
2023.6.20,71400
2023.6.21,70500
2023.6.22,71300
2023.6.23,71600
2023.6.26,72400
2023.6.27,72600
2023.6.28,72700
2023.6.29,72400
2023.6.30,72200
2023.7.3,73000
2023.7.4,73000
2023.7.5,72000
2023.7.6,71600
2023.7.7,69900
2023.7.10,69500
2023.7.11,71500
2023.7.12,71900
2023.7.13,71900
2023.7.14,73400
2023.7.17,73300
2023.7.18,72000
2023.7.19,71700
2023.7.20,71000